opcode,gas_units,benchmark
create_ty,0.0008,benchmark_vec_swap
create_ty,0.0008,benchmark_vec_swap
create_ty,0.0004,benchmark_vec_swap
vec_pack,0.002205,benchmark_vec_swap
st_loc,0.000441,benchmark_vec_swap
move_loc,0.000441,benchmark_vec_swap
pop,0.000147,benchmark_vec_swap
mut_borrow_loc,0.00022,benchmark_vec_swap
ld_u64,0.00022,benchmark_vec_swap
create_ty,0.0004,benchmark_vec_swap
vec_push_back,0.001396,benchmark_vec_swap
mut_borrow_loc,0.00022,benchmark_vec_swap
ld_u64,0.00022,benchmark_vec_swap
create_ty,0.0004,benchmark_vec_swap
vec_push_back,0.001396,benchmark_vec_swap
mut_borrow_loc,0.00022,benchmark_vec_swap
ld_u64,0.00022,benchmark_vec_swap
create_ty,0.0004,benchmark_vec_swap
vec_push_back,0.001396,benchmark_vec_swap
mut_borrow_loc,0.00022,benchmark_vec_swap
ld_u64,0.00022,benchmark_vec_swap
create_ty,0.0004,benchmark_vec_swap
vec_push_back,0.001396,benchmark_vec_swap
mut_borrow_loc,0.00022,benchmark_vec_swap
ld_u64,0.00022,benchmark_vec_swap
ld_u64,0.00022,benchmark_vec_swap
create_ty,0.0004,benchmark_vec_swap
vec_swap,0.001102,benchmark_vec_swap
imm_borrow_loc,0.00022,benchmark_vec_swap
ld_u64,0.00022,benchmark_vec_swap
create_ty,0.0004,benchmark_vec_swap
vec_imm_borrow,0.001213,benchmark_vec_swap
read_ref,0.001295,benchmark_vec_swap
ld_u64,0.00022,benchmark_vec_swap
eq,0.001487,benchmark_vec_swap
br_false,0.000441,benchmark_vec_swap
imm_borrow_loc,0.00022,benchmark_vec_swap
ld_u64,0.00022,benchmark_vec_swap
create_ty,0.0004,benchmark_vec_swap
vec_imm_borrow,0.001213,benchmark_vec_swap
read_ref,0.001295,benchmark_vec_swap
ld_u64,0.00022,benchmark_vec_swap
eq,0.001487,benchmark_vec_swap
br_false,0.000441,benchmark_vec_swap
mut_borrow_loc,0.00022,benchmark_vec_swap
ld_u64,0.00022,benchmark_vec_swap
ld_u64,0.00022,benchmark_vec_swap
create_ty,0.0004,benchmark_vec_swap
vec_swap,0.001102,benchmark_vec_swap
imm_borrow_loc,0.00022,benchmark_vec_swap
ld_u64,0.00022,benchmark_vec_swap
create_ty,0.0004,benchmark_vec_swap
vec_imm_borrow,0.001213,benchmark_vec_swap
read_ref,0.001295,benchmark_vec_swap
ld_u64,0.00022,benchmark_vec_swap
eq,0.001487,benchmark_vec_swap
br_false,0.000441,benchmark_vec_swap
imm_borrow_loc,0.00022,benchmark_vec_swap
ld_u64,0.00022,benchmark_vec_swap
create_ty,0.0004,benchmark_vec_swap
vec_imm_borrow,0.001213,benchmark_vec_swap
read_ref,0.001295,benchmark_vec_swap
ld_u64,0.00022,benchmark_vec_swap
eq,0.001487,benchmark_vec_swap
br_false,0.000441,benchmark_vec_swap
mut_borrow_loc,0.00022,benchmark_vec_swap
ld_u64,0.00022,benchmark_vec_swap
ld_u64,0.00022,benchmark_vec_swap
create_ty,0.0004,benchmark_vec_swap
vec_swap,0.001102,benchmark_vec_swap
mut_borrow_loc,0.00022,benchmark_vec_swap
ld_u64,0.00022,benchmark_vec_swap
ld_u64,0.00022,benchmark_vec_swap
create_ty,0.0004,benchmark_vec_swap
vec_swap,0.001102,benchmark_vec_swap
ret,0.00022,benchmark_vec_swap
create_ty,0.0008,benchmark_unpack_ref_global
create_ty,0.0004,benchmark_unpack_ref_global
create_ty,0.0008,benchmark_unpack_ref_global
create_ty,0.0008,benchmark_unpack_ref_global
create_ty,0.0004,benchmark_unpack_ref_global
create_ty,0.0004,benchmark_unpack_ref_global
copy_loc,0.000854,benchmark_unpack_ref_global
call,0.00441,benchmark_unpack_ref_global
create_ty,0.0008,benchmark_unpack_ref_global
move_loc,0.000441,benchmark_unpack_ref_global
call,0.004043,benchmark_unpack_ref_global
read_ref,0.001295,benchmark_unpack_ref_global
ret,0.00022,benchmark_unpack_ref_global
st_loc,0.000441,benchmark_unpack_ref_global
copy_loc,0.000854,benchmark_unpack_ref_global
exists_generic,0.000919,benchmark_unpack_ref_global
br_true,0.000441,benchmark_unpack_ref_global
move_loc,0.000441,benchmark_unpack_ref_global
ld_u64,0.00022,benchmark_unpack_ref_global
ld_u64,0.00022,benchmark_unpack_ref_global
pack,0.001102,benchmark_unpack_ref_global
move_to_generic,0.001838,benchmark_unpack_ref_global
copy_loc,0.000854,benchmark_unpack_ref_global
imm_borrow_global,0.001838,benchmark_unpack_ref_global
st_loc,0.000441,benchmark_unpack_ref_global
copy_loc,0.000854,benchmark_unpack_ref_global
imm_borrow_field,0.000735,benchmark_unpack_ref_global
move_loc,0.000441,benchmark_unpack_ref_global
imm_borrow_field,0.000735,benchmark_unpack_ref_global
st_loc,0.000441,benchmark_unpack_ref_global
read_ref,0.001295,benchmark_unpack_ref_global
pop,0.000147,benchmark_unpack_ref_global
move_loc,0.000441,benchmark_unpack_ref_global
read_ref,0.001295,benchmark_unpack_ref_global
pop,0.000147,benchmark_unpack_ref_global
ld_u64,0.00022,benchmark_unpack_ref_global
st_loc,0.000441,benchmark_unpack_ref_global
ld_false,0.00022,benchmark_unpack_ref_global
st_loc,0.000441,benchmark_unpack_ref_global
branch,0.000294,benchmark_unpack_ref_global
copy_loc,0.000854,benchmark_unpack_ref_global
br_false,0.000441,benchmark_unpack_ref_global
ld_true,0.00022,benchmark_unpack_ref_global
st_loc,0.000441,benchmark_unpack_ref_global
branch,0.000294,benchmark_unpack_ref_global
copy_loc,0.000854,benchmark_unpack_ref_global
ld_u64,0.00022,benchmark_unpack_ref_global
lt,0.000588,benchmark_unpack_ref_global
br_true,0.000441,benchmark_unpack_ref_global
copy_loc,0.000854,benchmark_unpack_ref_global
imm_borrow_global,0.001838,benchmark_unpack_ref_global
st_loc,0.000441,benchmark_unpack_ref_global
copy_loc,0.000854,benchmark_unpack_ref_global
imm_borrow_field,0.000735,benchmark_unpack_ref_global
move_loc,0.000441,benchmark_unpack_ref_global
imm_borrow_field,0.000735,benchmark_unpack_ref_global
st_loc,0.000441,benchmark_unpack_ref_global
read_ref,0.001295,benchmark_unpack_ref_global
move_loc,0.000441,benchmark_unpack_ref_global
read_ref,0.001295,benchmark_unpack_ref_global
add,0.000588,benchmark_unpack_ref_global
pop,0.000147,benchmark_unpack_ref_global
branch,0.000294,benchmark_unpack_ref_global
branch,0.000294,benchmark_unpack_ref_global
copy_loc,0.000854,benchmark_unpack_ref_global
br_false,0.000441,benchmark_unpack_ref_global
move_loc,0.000441,benchmark_unpack_ref_global
ld_u64,0.00022,benchmark_unpack_ref_global
add,0.000588,benchmark_unpack_ref_global
st_loc,0.000441,benchmark_unpack_ref_global
copy_loc,0.000854,benchmark_unpack_ref_global
ld_u64,0.00022,benchmark_unpack_ref_global
lt,0.000588,benchmark_unpack_ref_global
br_true,0.000441,benchmark_unpack_ref_global
copy_loc,0.000854,benchmark_unpack_ref_global
imm_borrow_global,0.001838,benchmark_unpack_ref_global
st_loc,0.000441,benchmark_unpack_ref_global
copy_loc,0.000854,benchmark_unpack_ref_global
imm_borrow_field,0.000735,benchmark_unpack_ref_global
move_loc,0.000441,benchmark_unpack_ref_global
imm_borrow_field,0.000735,benchmark_unpack_ref_global
st_loc,0.000441,benchmark_unpack_ref_global
read_ref,0.001295,benchmark_unpack_ref_global
move_loc,0.000441,benchmark_unpack_ref_global
read_ref,0.001295,benchmark_unpack_ref_global
add,0.000588,benchmark_unpack_ref_global
pop,0.000147,benchmark_unpack_ref_global
branch,0.000294,benchmark_unpack_ref_global
branch,0.000294,benchmark_unpack_ref_global
copy_loc,0.000854,benchmark_unpack_ref_global
br_false,0.000441,benchmark_unpack_ref_global
move_loc,0.000441,benchmark_unpack_ref_global
ld_u64,0.00022,benchmark_unpack_ref_global
add,0.000588,benchmark_unpack_ref_global
st_loc,0.000441,benchmark_unpack_ref_global
copy_loc,0.000854,benchmark_unpack_ref_global
ld_u64,0.00022,benchmark_unpack_ref_global
lt,0.000588,benchmark_unpack_ref_global
br_true,0.000441,benchmark_unpack_ref_global
copy_loc,0.000854,benchmark_unpack_ref_global
imm_borrow_global,0.001838,benchmark_unpack_ref_global
st_loc,0.000441,benchmark_unpack_ref_global
copy_loc,0.000854,benchmark_unpack_ref_global
imm_borrow_field,0.000735,benchmark_unpack_ref_global
move_loc,0.000441,benchmark_unpack_ref_global
imm_borrow_field,0.000735,benchmark_unpack_ref_global
st_loc,0.000441,benchmark_unpack_ref_global
read_ref,0.001295,benchmark_unpack_ref_global
move_loc,0.000441,benchmark_unpack_ref_global
read_ref,0.001295,benchmark_unpack_ref_global
add,0.000588,benchmark_unpack_ref_global
pop,0.000147,benchmark_unpack_ref_global
branch,0.000294,benchmark_unpack_ref_global
branch,0.000294,benchmark_unpack_ref_global
copy_loc,0.000854,benchmark_unpack_ref_global
br_false,0.000441,benchmark_unpack_ref_global
move_loc,0.000441,benchmark_unpack_ref_global
ld_u64,0.00022,benchmark_unpack_ref_global
add,0.000588,benchmark_unpack_ref_global
st_loc,0.000441,benchmark_unpack_ref_global
copy_loc,0.000854,benchmark_unpack_ref_global
ld_u64,0.00022,benchmark_unpack_ref_global
lt,0.000588,benchmark_unpack_ref_global
br_true,0.000441,benchmark_unpack_ref_global
copy_loc,0.000854,benchmark_unpack_ref_global
imm_borrow_global,0.001838,benchmark_unpack_ref_global
st_loc,0.000441,benchmark_unpack_ref_global
copy_loc,0.000854,benchmark_unpack_ref_global
imm_borrow_field,0.000735,benchmark_unpack_ref_global
move_loc,0.000441,benchmark_unpack_ref_global
imm_borrow_field,0.000735,benchmark_unpack_ref_global
st_loc,0.000441,benchmark_unpack_ref_global
read_ref,0.001295,benchmark_unpack_ref_global
move_loc,0.000441,benchmark_unpack_ref_global
read_ref,0.001295,benchmark_unpack_ref_global
add,0.000588,benchmark_unpack_ref_global
pop,0.000147,benchmark_unpack_ref_global
branch,0.000294,benchmark_unpack_ref_global
branch,0.000294,benchmark_unpack_ref_global
copy_loc,0.000854,benchmark_unpack_ref_global
br_false,0.000441,benchmark_unpack_ref_global
move_loc,0.000441,benchmark_unpack_ref_global
ld_u64,0.00022,benchmark_unpack_ref_global
add,0.000588,benchmark_unpack_ref_global
st_loc,0.000441,benchmark_unpack_ref_global
copy_loc,0.000854,benchmark_unpack_ref_global
ld_u64,0.00022,benchmark_unpack_ref_global
lt,0.000588,benchmark_unpack_ref_global
br_true,0.000441,benchmark_unpack_ref_global
copy_loc,0.000854,benchmark_unpack_ref_global
imm_borrow_global,0.001838,benchmark_unpack_ref_global
st_loc,0.000441,benchmark_unpack_ref_global
copy_loc,0.000854,benchmark_unpack_ref_global
imm_borrow_field,0.000735,benchmark_unpack_ref_global
move_loc,0.000441,benchmark_unpack_ref_global
imm_borrow_field,0.000735,benchmark_unpack_ref_global
st_loc,0.000441,benchmark_unpack_ref_global
read_ref,0.001295,benchmark_unpack_ref_global
move_loc,0.000441,benchmark_unpack_ref_global
read_ref,0.001295,benchmark_unpack_ref_global
add,0.000588,benchmark_unpack_ref_global
pop,0.000147,benchmark_unpack_ref_global
branch,0.000294,benchmark_unpack_ref_global
branch,0.000294,benchmark_unpack_ref_global
copy_loc,0.000854,benchmark_unpack_ref_global
br_false,0.000441,benchmark_unpack_ref_global
move_loc,0.000441,benchmark_unpack_ref_global
ld_u64,0.00022,benchmark_unpack_ref_global
add,0.000588,benchmark_unpack_ref_global
st_loc,0.000441,benchmark_unpack_ref_global
copy_loc,0.000854,benchmark_unpack_ref_global
ld_u64,0.00022,benchmark_unpack_ref_global
lt,0.000588,benchmark_unpack_ref_global
br_true,0.000441,benchmark_unpack_ref_global
copy_loc,0.000854,benchmark_unpack_ref_global
imm_borrow_global,0.001838,benchmark_unpack_ref_global
st_loc,0.000441,benchmark_unpack_ref_global
copy_loc,0.000854,benchmark_unpack_ref_global
imm_borrow_field,0.000735,benchmark_unpack_ref_global
move_loc,0.000441,benchmark_unpack_ref_global
imm_borrow_field,0.000735,benchmark_unpack_ref_global
st_loc,0.000441,benchmark_unpack_ref_global
read_ref,0.001295,benchmark_unpack_ref_global
move_loc,0.000441,benchmark_unpack_ref_global
read_ref,0.001295,benchmark_unpack_ref_global
add,0.000588,benchmark_unpack_ref_global
pop,0.000147,benchmark_unpack_ref_global
branch,0.000294,benchmark_unpack_ref_global
branch,0.000294,benchmark_unpack_ref_global
copy_loc,0.000854,benchmark_unpack_ref_global
br_false,0.000441,benchmark_unpack_ref_global
move_loc,0.000441,benchmark_unpack_ref_global
ld_u64,0.00022,benchmark_unpack_ref_global
add,0.000588,benchmark_unpack_ref_global
st_loc,0.000441,benchmark_unpack_ref_global
copy_loc,0.000854,benchmark_unpack_ref_global
ld_u64,0.00022,benchmark_unpack_ref_global
lt,0.000588,benchmark_unpack_ref_global
br_true,0.000441,benchmark_unpack_ref_global
copy_loc,0.000854,benchmark_unpack_ref_global
imm_borrow_global,0.001838,benchmark_unpack_ref_global
st_loc,0.000441,benchmark_unpack_ref_global
copy_loc,0.000854,benchmark_unpack_ref_global
imm_borrow_field,0.000735,benchmark_unpack_ref_global
move_loc,0.000441,benchmark_unpack_ref_global
imm_borrow_field,0.000735,benchmark_unpack_ref_global
st_loc,0.000441,benchmark_unpack_ref_global
read_ref,0.001295,benchmark_unpack_ref_global
move_loc,0.000441,benchmark_unpack_ref_global
read_ref,0.001295,benchmark_unpack_ref_global
add,0.000588,benchmark_unpack_ref_global
pop,0.000147,benchmark_unpack_ref_global
branch,0.000294,benchmark_unpack_ref_global
branch,0.000294,benchmark_unpack_ref_global
copy_loc,0.000854,benchmark_unpack_ref_global
br_false,0.000441,benchmark_unpack_ref_global
move_loc,0.000441,benchmark_unpack_ref_global
ld_u64,0.00022,benchmark_unpack_ref_global
add,0.000588,benchmark_unpack_ref_global
st_loc,0.000441,benchmark_unpack_ref_global
copy_loc,0.000854,benchmark_unpack_ref_global
ld_u64,0.00022,benchmark_unpack_ref_global
lt,0.000588,benchmark_unpack_ref_global
br_true,0.000441,benchmark_unpack_ref_global
copy_loc,0.000854,benchmark_unpack_ref_global
imm_borrow_global,0.001838,benchmark_unpack_ref_global
st_loc,0.000441,benchmark_unpack_ref_global
copy_loc,0.000854,benchmark_unpack_ref_global
imm_borrow_field,0.000735,benchmark_unpack_ref_global
move_loc,0.000441,benchmark_unpack_ref_global
imm_borrow_field,0.000735,benchmark_unpack_ref_global
st_loc,0.000441,benchmark_unpack_ref_global
read_ref,0.001295,benchmark_unpack_ref_global
move_loc,0.000441,benchmark_unpack_ref_global
read_ref,0.001295,benchmark_unpack_ref_global
add,0.000588,benchmark_unpack_ref_global
pop,0.000147,benchmark_unpack_ref_global
branch,0.000294,benchmark_unpack_ref_global
branch,0.000294,benchmark_unpack_ref_global
copy_loc,0.000854,benchmark_unpack_ref_global
br_false,0.000441,benchmark_unpack_ref_global
move_loc,0.000441,benchmark_unpack_ref_global
ld_u64,0.00022,benchmark_unpack_ref_global
add,0.000588,benchmark_unpack_ref_global
st_loc,0.000441,benchmark_unpack_ref_global
copy_loc,0.000854,benchmark_unpack_ref_global
ld_u64,0.00022,benchmark_unpack_ref_global
lt,0.000588,benchmark_unpack_ref_global
br_true,0.000441,benchmark_unpack_ref_global
copy_loc,0.000854,benchmark_unpack_ref_global
imm_borrow_global,0.001838,benchmark_unpack_ref_global
st_loc,0.000441,benchmark_unpack_ref_global
copy_loc,0.000854,benchmark_unpack_ref_global
imm_borrow_field,0.000735,benchmark_unpack_ref_global
move_loc,0.000441,benchmark_unpack_ref_global
imm_borrow_field,0.000735,benchmark_unpack_ref_global
st_loc,0.000441,benchmark_unpack_ref_global
read_ref,0.001295,benchmark_unpack_ref_global
move_loc,0.000441,benchmark_unpack_ref_global
read_ref,0.001295,benchmark_unpack_ref_global
add,0.000588,benchmark_unpack_ref_global
pop,0.000147,benchmark_unpack_ref_global
branch,0.000294,benchmark_unpack_ref_global
branch,0.000294,benchmark_unpack_ref_global
copy_loc,0.000854,benchmark_unpack_ref_global
br_false,0.000441,benchmark_unpack_ref_global
move_loc,0.000441,benchmark_unpack_ref_global
ld_u64,0.00022,benchmark_unpack_ref_global
add,0.000588,benchmark_unpack_ref_global
st_loc,0.000441,benchmark_unpack_ref_global
copy_loc,0.000854,benchmark_unpack_ref_global
ld_u64,0.00022,benchmark_unpack_ref_global
lt,0.000588,benchmark_unpack_ref_global
br_true,0.000441,benchmark_unpack_ref_global
copy_loc,0.000854,benchmark_unpack_ref_global
imm_borrow_global,0.001838,benchmark_unpack_ref_global
st_loc,0.000441,benchmark_unpack_ref_global
copy_loc,0.000854,benchmark_unpack_ref_global
imm_borrow_field,0.000735,benchmark_unpack_ref_global
move_loc,0.000441,benchmark_unpack_ref_global
imm_borrow_field,0.000735,benchmark_unpack_ref_global
st_loc,0.000441,benchmark_unpack_ref_global
read_ref,0.001295,benchmark_unpack_ref_global
move_loc,0.000441,benchmark_unpack_ref_global
read_ref,0.001295,benchmark_unpack_ref_global
add,0.000588,benchmark_unpack_ref_global
pop,0.000147,benchmark_unpack_ref_global
branch,0.000294,benchmark_unpack_ref_global
branch,0.000294,benchmark_unpack_ref_global
copy_loc,0.000854,benchmark_unpack_ref_global
br_false,0.000441,benchmark_unpack_ref_global
move_loc,0.000441,benchmark_unpack_ref_global
ld_u64,0.00022,benchmark_unpack_ref_global
add,0.000588,benchmark_unpack_ref_global
st_loc,0.000441,benchmark_unpack_ref_global
copy_loc,0.000854,benchmark_unpack_ref_global
ld_u64,0.00022,benchmark_unpack_ref_global
lt,0.000588,benchmark_unpack_ref_global
br_true,0.000441,benchmark_unpack_ref_global
branch,0.000294,benchmark_unpack_ref_global
ret,0.00022,benchmark_unpack_ref_global
create_ty,0.0008,benchmark_mut_borrow_field_generic
create_ty,0.0008,benchmark_mut_borrow_field_generic
ld_u64,0.00022,benchmark_mut_borrow_field_generic
create_ty,0.0004,benchmark_mut_borrow_field_generic
create_ty,0.0008,benchmark_mut_borrow_field_generic
pack,0.000955,benchmark_mut_borrow_field_generic
st_loc,0.000441,benchmark_mut_borrow_field_generic
mut_borrow_loc,0.00022,benchmark_mut_borrow_field_generic
create_ty,0.0008,benchmark_mut_borrow_field_generic
create_ty,0.0004,benchmark_mut_borrow_field_generic
mut_borrow_field_generic,0.000735,benchmark_mut_borrow_field_generic
st_loc,0.000441,benchmark_mut_borrow_field_generic
copy_loc,0.000854,benchmark_mut_borrow_field_generic
read_ref,0.001295,benchmark_mut_borrow_field_generic
ld_u64,0.00022,benchmark_mut_borrow_field_generic
add,0.000588,benchmark_mut_borrow_field_generic
move_loc,0.000441,benchmark_mut_borrow_field_generic
write_ref,0.000735,benchmark_mut_borrow_field_generic
imm_borrow_loc,0.00022,benchmark_mut_borrow_field_generic
create_ty,0.0008,benchmark_mut_borrow_field_generic
create_ty,0.0004,benchmark_mut_borrow_field_generic
imm_borrow_field_generic,0.000735,benchmark_mut_borrow_field_generic
read_ref,0.001295,benchmark_mut_borrow_field_generic
pop,0.000147,benchmark_mut_borrow_field_generic
ret,0.00022,benchmark_mut_borrow_field_generic
create_ty,0.0008,benchmark_casting
create_ty,0.0004,benchmark_casting
create_ty,0.0004,benchmark_casting
create_ty,0.0004,benchmark_casting
create_ty,0.0004,benchmark_casting
create_ty,0.0004,benchmark_casting
create_ty,0.0004,benchmark_casting
move_loc,0.000441,benchmark_casting
pop,0.000147,benchmark_casting
copy_loc,0.000854,benchmark_casting
cast_u16,0.000441,benchmark_casting
pop,0.000147,benchmark_casting
copy_loc,0.000854,benchmark_casting
cast_u32,0.000441,benchmark_casting
pop,0.000147,benchmark_casting
copy_loc,0.000854,benchmark_casting
cast_u64,0.000441,benchmark_casting
pop,0.000147,benchmark_casting
copy_loc,0.000854,benchmark_casting
cast_u128,0.000441,benchmark_casting
pop,0.000147,benchmark_casting
move_loc,0.000441,benchmark_casting
cast_u256,0.000441,benchmark_casting
pop,0.000147,benchmark_casting
copy_loc,0.000854,benchmark_casting
ld_u16,0.00022,benchmark_casting
mod,0.000588,benchmark_casting
cast_u8,0.000441,benchmark_casting
pop,0.000147,benchmark_casting
copy_loc,0.000854,benchmark_casting
cast_u32,0.000441,benchmark_casting
pop,0.000147,benchmark_casting
copy_loc,0.000854,benchmark_casting
cast_u64,0.000441,benchmark_casting
pop,0.000147,benchmark_casting
copy_loc,0.000854,benchmark_casting
cast_u128,0.000441,benchmark_casting
pop,0.000147,benchmark_casting
move_loc,0.000441,benchmark_casting
cast_u256,0.000441,benchmark_casting
pop,0.000147,benchmark_casting
copy_loc,0.000854,benchmark_casting
ld_u32,0.00022,benchmark_casting
mod,0.000588,benchmark_casting
cast_u8,0.000441,benchmark_casting
pop,0.000147,benchmark_casting
copy_loc,0.000854,benchmark_casting
ld_u32,0.00022,benchmark_casting
mod,0.000588,benchmark_casting
cast_u16,0.000441,benchmark_casting
pop,0.000147,benchmark_casting
copy_loc,0.000854,benchmark_casting
cast_u64,0.000441,benchmark_casting
pop,0.000147,benchmark_casting
copy_loc,0.000854,benchmark_casting
cast_u128,0.000441,benchmark_casting
pop,0.000147,benchmark_casting
move_loc,0.000441,benchmark_casting
cast_u256,0.000441,benchmark_casting
pop,0.000147,benchmark_casting
copy_loc,0.000854,benchmark_casting
ld_u64,0.00022,benchmark_casting
mod,0.000588,benchmark_casting
cast_u8,0.000441,benchmark_casting
pop,0.000147,benchmark_casting
copy_loc,0.000854,benchmark_casting
ld_u64,0.00022,benchmark_casting
mod,0.000588,benchmark_casting
cast_u16,0.000441,benchmark_casting
pop,0.000147,benchmark_casting
copy_loc,0.000854,benchmark_casting
ld_u64,0.00022,benchmark_casting
mod,0.000588,benchmark_casting
cast_u32,0.000441,benchmark_casting
pop,0.000147,benchmark_casting
copy_loc,0.000854,benchmark_casting
cast_u128,0.000441,benchmark_casting
pop,0.000147,benchmark_casting
move_loc,0.000441,benchmark_casting
cast_u256,0.000441,benchmark_casting
pop,0.000147,benchmark_casting
copy_loc,0.000854,benchmark_casting
ld_u128,0.000294,benchmark_casting
mod,0.000588,benchmark_casting
cast_u8,0.000441,benchmark_casting
pop,0.000147,benchmark_casting
copy_loc,0.000854,benchmark_casting
ld_u128,0.000294,benchmark_casting
mod,0.000588,benchmark_casting
cast_u16,0.000441,benchmark_casting
pop,0.000147,benchmark_casting
copy_loc,0.000854,benchmark_casting
ld_u128,0.000294,benchmark_casting
mod,0.000588,benchmark_casting
cast_u32,0.000441,benchmark_casting
pop,0.000147,benchmark_casting
copy_loc,0.000854,benchmark_casting
ld_u128,0.000294,benchmark_casting
mod,0.000588,benchmark_casting
cast_u64,0.000441,benchmark_casting
pop,0.000147,benchmark_casting
move_loc,0.000441,benchmark_casting
cast_u256,0.000441,benchmark_casting
pop,0.000147,benchmark_casting
copy_loc,0.000854,benchmark_casting
ld_u256,0.000294,benchmark_casting
mod,0.000588,benchmark_casting
cast_u8,0.000441,benchmark_casting
pop,0.000147,benchmark_casting
copy_loc,0.000854,benchmark_casting
ld_u256,0.000294,benchmark_casting
mod,0.000588,benchmark_casting
cast_u16,0.000441,benchmark_casting
pop,0.000147,benchmark_casting
copy_loc,0.000854,benchmark_casting
ld_u256,0.000294,benchmark_casting
mod,0.000588,benchmark_casting
cast_u32,0.000441,benchmark_casting
pop,0.000147,benchmark_casting
copy_loc,0.000854,benchmark_casting
ld_u256,0.000294,benchmark_casting
mod,0.000588,benchmark_casting
cast_u64,0.000441,benchmark_casting
pop,0.000147,benchmark_casting
move_loc,0.000441,benchmark_casting
ld_u256,0.000294,benchmark_casting
mod,0.000588,benchmark_casting
cast_u128,0.000441,benchmark_casting
pop,0.000147,benchmark_casting
ret,0.00022,benchmark_casting
create_ty,0.0008,benchmark_move_from
create_ty,0.0004,benchmark_move_from
create_ty,0.0008,benchmark_move_from
copy_loc,0.000854,benchmark_move_from
call,0.00441,benchmark_move_from
create_ty,0.0008,benchmark_move_from
move_loc,0.000441,benchmark_move_from
call,0.004043,benchmark_move_from
read_ref,0.001295,benchmark_move_from
ret,0.00022,benchmark_move_from
st_loc,0.000441,benchmark_move_from
copy_loc,0.000854,benchmark_move_from
create_ty,0.0008,benchmark_move_from
exists,0.000919,benchmark_move_from
br_false,0.000441,benchmark_move_from
copy_loc,0.000854,benchmark_move_from
ld_u64,0.00022,benchmark_move_from
create_ty,0.0004,benchmark_move_from
create_ty,0.0008,benchmark_move_from
pack,0.000955,benchmark_move_from
create_ty,0.0008,benchmark_move_from
move_to,0.001838,benchmark_move_from
move_loc,0.000441,benchmark_move_from
create_ty,0.0008,benchmark_move_from
move_from,0.001286,benchmark_move_from
st_loc,0.000441,benchmark_move_from
imm_borrow_loc,0.00022,benchmark_move_from
create_ty,0.0008,benchmark_move_from
create_ty,0.0004,benchmark_move_from
imm_borrow_field_generic,0.000735,benchmark_move_from
read_ref,0.001295,benchmark_move_from
pop,0.000147,benchmark_move_from
move_loc,0.000441,benchmark_move_from
move_loc,0.000441,benchmark_move_from
create_ty,0.0008,benchmark_move_from
move_to,0.001838,benchmark_move_from
ret,0.00022,benchmark_move_from
create_ty,0.0008,benchmark_arithmetic
create_ty,0.0004,benchmark_arithmetic
create_ty,0.0004,benchmark_arithmetic
copy_loc,0.000854,benchmark_arithmetic
move_loc,0.000441,benchmark_arithmetic
pop,0.000147,benchmark_arithmetic
copy_loc,0.000854,benchmark_arithmetic
add,0.000588,benchmark_arithmetic
pop,0.000147,benchmark_arithmetic
copy_loc,0.000854,benchmark_arithmetic
copy_loc,0.000854,benchmark_arithmetic
sub,0.000588,benchmark_arithmetic
pop,0.000147,benchmark_arithmetic
copy_loc,0.000854,benchmark_arithmetic
copy_loc,0.000854,benchmark_arithmetic
mul,0.000588,benchmark_arithmetic
pop,0.000147,benchmark_arithmetic
copy_loc,0.000854,benchmark_arithmetic
copy_loc,0.000854,benchmark_arithmetic
div,0.000588,benchmark_arithmetic
pop,0.000147,benchmark_arithmetic
move_loc,0.000441,benchmark_arithmetic
move_loc,0.000441,benchmark_arithmetic
mod,0.000588,benchmark_arithmetic
pop,0.000147,benchmark_arithmetic
ret,0.00022,benchmark_arithmetic
ld_u64,0.00022,benchmark_pack_generic
create_ty,0.0004,benchmark_pack_generic
create_ty,0.0008,benchmark_pack_generic
pack,0.000955,benchmark_pack_generic
pop,0.000147,benchmark_pack_generic
ld_u128,0.000294,benchmark_pack_generic
create_ty,0.0004,benchmark_pack_generic
create_ty,0.0008,benchmark_pack_generic
pack,0.000955,benchmark_pack_generic
pop,0.000147,benchmark_pack_generic
ld_true,0.00022,benchmark_pack_generic
create_ty,0.0004,benchmark_pack_generic
create_ty,0.0008,benchmark_pack_generic
pack,0.000955,benchmark_pack_generic
pop,0.000147,benchmark_pack_generic
ret,0.00022,benchmark_pack_generic
create_ty,0.0008,benchmark_vec_mut_borrow
create_ty,0.0008,benchmark_vec_mut_borrow
create_ty,0.0008,benchmark_vec_mut_borrow
create_ty,0.0004,benchmark_vec_mut_borrow
create_ty,0.0004,benchmark_vec_mut_borrow
vec_pack,0.002205,benchmark_vec_mut_borrow
st_loc,0.000441,benchmark_vec_mut_borrow
move_loc,0.000441,benchmark_vec_mut_borrow
pop,0.000147,benchmark_vec_mut_borrow
mut_borrow_loc,0.00022,benchmark_vec_mut_borrow
ld_u64,0.00022,benchmark_vec_mut_borrow
create_ty,0.0004,benchmark_vec_mut_borrow
vec_push_back,0.001396,benchmark_vec_mut_borrow
mut_borrow_loc,0.00022,benchmark_vec_mut_borrow
ld_u64,0.00022,benchmark_vec_mut_borrow
create_ty,0.0004,benchmark_vec_mut_borrow
vec_push_back,0.001396,benchmark_vec_mut_borrow
mut_borrow_loc,0.00022,benchmark_vec_mut_borrow
ld_u64,0.00022,benchmark_vec_mut_borrow
create_ty,0.0004,benchmark_vec_mut_borrow
vec_push_back,0.001396,benchmark_vec_mut_borrow
mut_borrow_loc,0.00022,benchmark_vec_mut_borrow
ld_u64,0.00022,benchmark_vec_mut_borrow
create_ty,0.0004,benchmark_vec_mut_borrow
vec_imm_borrow,0.001213,benchmark_vec_mut_borrow
st_loc,0.000441,benchmark_vec_mut_borrow
copy_loc,0.000854,benchmark_vec_mut_borrow
read_ref,0.001295,benchmark_vec_mut_borrow
ld_u64,0.00022,benchmark_vec_mut_borrow
add,0.000588,benchmark_vec_mut_borrow
move_loc,0.000441,benchmark_vec_mut_borrow
write_ref,0.000735,benchmark_vec_mut_borrow
mut_borrow_loc,0.00022,benchmark_vec_mut_borrow
ld_u64,0.00022,benchmark_vec_mut_borrow
create_ty,0.0004,benchmark_vec_mut_borrow
vec_imm_borrow,0.001213,benchmark_vec_mut_borrow
st_loc,0.000441,benchmark_vec_mut_borrow
copy_loc,0.000854,benchmark_vec_mut_borrow
read_ref,0.001295,benchmark_vec_mut_borrow
ld_u64,0.00022,benchmark_vec_mut_borrow
add,0.000588,benchmark_vec_mut_borrow
move_loc,0.000441,benchmark_vec_mut_borrow
write_ref,0.000735,benchmark_vec_mut_borrow
mut_borrow_loc,0.00022,benchmark_vec_mut_borrow
ld_u64,0.00022,benchmark_vec_mut_borrow
create_ty,0.0004,benchmark_vec_mut_borrow
vec_imm_borrow,0.001213,benchmark_vec_mut_borrow
st_loc,0.000441,benchmark_vec_mut_borrow
copy_loc,0.000854,benchmark_vec_mut_borrow
read_ref,0.001295,benchmark_vec_mut_borrow
ld_u64,0.00022,benchmark_vec_mut_borrow
add,0.000588,benchmark_vec_mut_borrow
move_loc,0.000441,benchmark_vec_mut_borrow
write_ref,0.000735,benchmark_vec_mut_borrow
imm_borrow_loc,0.00022,benchmark_vec_mut_borrow
ld_u64,0.00022,benchmark_vec_mut_borrow
create_ty,0.0004,benchmark_vec_mut_borrow
vec_imm_borrow,0.001213,benchmark_vec_mut_borrow
read_ref,0.001295,benchmark_vec_mut_borrow
ld_u64,0.00022,benchmark_vec_mut_borrow
eq,0.001487,benchmark_vec_mut_borrow
br_false,0.000441,benchmark_vec_mut_borrow
imm_borrow_loc,0.00022,benchmark_vec_mut_borrow
ld_u64,0.00022,benchmark_vec_mut_borrow
create_ty,0.0004,benchmark_vec_mut_borrow
vec_imm_borrow,0.001213,benchmark_vec_mut_borrow
read_ref,0.001295,benchmark_vec_mut_borrow
ld_u64,0.00022,benchmark_vec_mut_borrow
eq,0.001487,benchmark_vec_mut_borrow
br_false,0.000441,benchmark_vec_mut_borrow
imm_borrow_loc,0.00022,benchmark_vec_mut_borrow
ld_u64,0.00022,benchmark_vec_mut_borrow
create_ty,0.0004,benchmark_vec_mut_borrow
vec_imm_borrow,0.001213,benchmark_vec_mut_borrow
read_ref,0.001295,benchmark_vec_mut_borrow
ld_u64,0.00022,benchmark_vec_mut_borrow
eq,0.001487,benchmark_vec_mut_borrow
br_false,0.000441,benchmark_vec_mut_borrow
ld_u64,0.00022,benchmark_vec_mut_borrow
st_loc,0.000441,benchmark_vec_mut_borrow
copy_loc,0.000854,benchmark_vec_mut_borrow
imm_borrow_loc,0.00022,benchmark_vec_mut_borrow
create_ty,0.0004,benchmark_vec_mut_borrow
vec_len,0.000808,benchmark_vec_mut_borrow
lt,0.000588,benchmark_vec_mut_borrow
br_false,0.000441,benchmark_vec_mut_borrow
mut_borrow_loc,0.00022,benchmark_vec_mut_borrow
copy_loc,0.000854,benchmark_vec_mut_borrow
create_ty,0.0004,benchmark_vec_mut_borrow
vec_imm_borrow,0.001213,benchmark_vec_mut_borrow
st_loc,0.000441,benchmark_vec_mut_borrow
copy_loc,0.000854,benchmark_vec_mut_borrow
read_ref,0.001295,benchmark_vec_mut_borrow
ld_u64,0.00022,benchmark_vec_mut_borrow
mul,0.000588,benchmark_vec_mut_borrow
move_loc,0.000441,benchmark_vec_mut_borrow
write_ref,0.000735,benchmark_vec_mut_borrow
move_loc,0.000441,benchmark_vec_mut_borrow
ld_u64,0.00022,benchmark_vec_mut_borrow
add,0.000588,benchmark_vec_mut_borrow
st_loc,0.000441,benchmark_vec_mut_borrow
branch,0.000294,benchmark_vec_mut_borrow
copy_loc,0.000854,benchmark_vec_mut_borrow
imm_borrow_loc,0.00022,benchmark_vec_mut_borrow
create_ty,0.0004,benchmark_vec_mut_borrow
vec_len,0.000808,benchmark_vec_mut_borrow
lt,0.000588,benchmark_vec_mut_borrow
br_false,0.000441,benchmark_vec_mut_borrow
mut_borrow_loc,0.00022,benchmark_vec_mut_borrow
copy_loc,0.000854,benchmark_vec_mut_borrow
create_ty,0.0004,benchmark_vec_mut_borrow
vec_imm_borrow,0.001213,benchmark_vec_mut_borrow
st_loc,0.000441,benchmark_vec_mut_borrow
copy_loc,0.000854,benchmark_vec_mut_borrow
read_ref,0.001295,benchmark_vec_mut_borrow
ld_u64,0.00022,benchmark_vec_mut_borrow
mul,0.000588,benchmark_vec_mut_borrow
move_loc,0.000441,benchmark_vec_mut_borrow
write_ref,0.000735,benchmark_vec_mut_borrow
move_loc,0.000441,benchmark_vec_mut_borrow
ld_u64,0.00022,benchmark_vec_mut_borrow
add,0.000588,benchmark_vec_mut_borrow
st_loc,0.000441,benchmark_vec_mut_borrow
branch,0.000294,benchmark_vec_mut_borrow
copy_loc,0.000854,benchmark_vec_mut_borrow
imm_borrow_loc,0.00022,benchmark_vec_mut_borrow
create_ty,0.0004,benchmark_vec_mut_borrow
vec_len,0.000808,benchmark_vec_mut_borrow
lt,0.000588,benchmark_vec_mut_borrow
br_false,0.000441,benchmark_vec_mut_borrow
mut_borrow_loc,0.00022,benchmark_vec_mut_borrow
copy_loc,0.000854,benchmark_vec_mut_borrow
create_ty,0.0004,benchmark_vec_mut_borrow
vec_imm_borrow,0.001213,benchmark_vec_mut_borrow
st_loc,0.000441,benchmark_vec_mut_borrow
copy_loc,0.000854,benchmark_vec_mut_borrow
read_ref,0.001295,benchmark_vec_mut_borrow
ld_u64,0.00022,benchmark_vec_mut_borrow
mul,0.000588,benchmark_vec_mut_borrow
move_loc,0.000441,benchmark_vec_mut_borrow
write_ref,0.000735,benchmark_vec_mut_borrow
move_loc,0.000441,benchmark_vec_mut_borrow
ld_u64,0.00022,benchmark_vec_mut_borrow
add,0.000588,benchmark_vec_mut_borrow
st_loc,0.000441,benchmark_vec_mut_borrow
branch,0.000294,benchmark_vec_mut_borrow
copy_loc,0.000854,benchmark_vec_mut_borrow
imm_borrow_loc,0.00022,benchmark_vec_mut_borrow
create_ty,0.0004,benchmark_vec_mut_borrow
vec_len,0.000808,benchmark_vec_mut_borrow
lt,0.000588,benchmark_vec_mut_borrow
br_false,0.000441,benchmark_vec_mut_borrow
ret,0.00022,benchmark_vec_mut_borrow
create_ty,0.0004,benchmark_unpack
create_ty,0.0004,benchmark_unpack
ld_u64,0.00022,benchmark_unpack
ld_u64,0.00022,benchmark_unpack
pack,0.001102,benchmark_unpack
unpack,0.001102,benchmark_unpack
add,0.000588,benchmark_unpack
pop,0.000147,benchmark_unpack
ret,0.00022,benchmark_unpack
create_ty,0.0008,benchmark_control_flow
create_ty,0.0004,benchmark_control_flow
ld_u64,0.00022,benchmark_control_flow
st_loc,0.000441,benchmark_control_flow
move_loc,0.000441,benchmark_control_flow
pop,0.000147,benchmark_control_flow
copy_loc,0.000854,benchmark_control_flow
ld_u64,0.00022,benchmark_control_flow
lt,0.000588,benchmark_control_flow
br_false,0.000441,benchmark_control_flow
move_loc,0.000441,benchmark_control_flow
ld_u64,0.00022,benchmark_control_flow
add,0.000588,benchmark_control_flow
st_loc,0.000441,benchmark_control_flow
branch,0.000294,benchmark_control_flow
copy_loc,0.000854,benchmark_control_flow
ld_u64,0.00022,benchmark_control_flow
lt,0.000588,benchmark_control_flow
br_false,0.000441,benchmark_control_flow
move_loc,0.000441,benchmark_control_flow
ld_u64,0.00022,benchmark_control_flow
add,0.000588,benchmark_control_flow
st_loc,0.000441,benchmark_control_flow
branch,0.000294,benchmark_control_flow
copy_loc,0.000854,benchmark_control_flow
ld_u64,0.00022,benchmark_control_flow
lt,0.000588,benchmark_control_flow
br_false,0.000441,benchmark_control_flow
move_loc,0.000441,benchmark_control_flow
ld_u64,0.00022,benchmark_control_flow
add,0.000588,benchmark_control_flow
st_loc,0.000441,benchmark_control_flow
branch,0.000294,benchmark_control_flow
copy_loc,0.000854,benchmark_control_flow
ld_u64,0.00022,benchmark_control_flow
lt,0.000588,benchmark_control_flow
br_false,0.000441,benchmark_control_flow
move_loc,0.000441,benchmark_control_flow
ld_u64,0.00022,benchmark_control_flow
add,0.000588,benchmark_control_flow
st_loc,0.000441,benchmark_control_flow
branch,0.000294,benchmark_control_flow
copy_loc,0.000854,benchmark_control_flow
ld_u64,0.00022,benchmark_control_flow
lt,0.000588,benchmark_control_flow
br_false,0.000441,benchmark_control_flow
move_loc,0.000441,benchmark_control_flow
ld_u64,0.00022,benchmark_control_flow
add,0.000588,benchmark_control_flow
st_loc,0.000441,benchmark_control_flow
branch,0.000294,benchmark_control_flow
copy_loc,0.000854,benchmark_control_flow
ld_u64,0.00022,benchmark_control_flow
lt,0.000588,benchmark_control_flow
br_false,0.000441,benchmark_control_flow
copy_loc,0.000854,benchmark_control_flow
ld_u64,0.00022,benchmark_control_flow
gt,0.000588,benchmark_control_flow
br_false,0.000441,benchmark_control_flow
move_loc,0.000441,benchmark_control_flow
ld_u64,0.00022,benchmark_control_flow
sub,0.000588,benchmark_control_flow
pop,0.000147,benchmark_control_flow
ret,0.00022,benchmark_control_flow
create_ty,0.0008,benchmark_imm_borrow_global_generic
create_ty,0.0004,benchmark_imm_borrow_global_generic
copy_loc,0.000854,benchmark_imm_borrow_global_generic
call,0.00441,benchmark_imm_borrow_global_generic
create_ty,0.0008,benchmark_imm_borrow_global_generic
move_loc,0.000441,benchmark_imm_borrow_global_generic
call,0.004043,benchmark_imm_borrow_global_generic
read_ref,0.001295,benchmark_imm_borrow_global_generic
ret,0.00022,benchmark_imm_borrow_global_generic
st_loc,0.000441,benchmark_imm_borrow_global_generic
copy_loc,0.000854,benchmark_imm_borrow_global_generic
create_ty,0.0008,benchmark_imm_borrow_global_generic
exists,0.000919,benchmark_imm_borrow_global_generic
br_true,0.000441,benchmark_imm_borrow_global_generic
move_loc,0.000441,benchmark_imm_borrow_global_generic
ld_u64,0.00022,benchmark_imm_borrow_global_generic
create_ty,0.0004,benchmark_imm_borrow_global_generic
create_ty,0.0008,benchmark_imm_borrow_global_generic
pack,0.000955,benchmark_imm_borrow_global_generic
create_ty,0.0008,benchmark_imm_borrow_global_generic
move_to,0.001838,benchmark_imm_borrow_global_generic
move_loc,0.000441,benchmark_imm_borrow_global_generic
create_ty,0.0008,benchmark_imm_borrow_global_generic
imm_borrow_global_generic,0.001838,benchmark_imm_borrow_global_generic
create_ty,0.0008,benchmark_imm_borrow_global_generic
create_ty,0.0004,benchmark_imm_borrow_global_generic
imm_borrow_field_generic,0.000735,benchmark_imm_borrow_global_generic
read_ref,0.001295,benchmark_imm_borrow_global_generic
pop,0.000147,benchmark_imm_borrow_global_generic
ret,0.00022,benchmark_imm_borrow_global_generic
create_ty,0.0008,benchmark_bit_shift
create_ty,0.0004,benchmark_bit_shift
create_ty,0.0004,benchmark_bit_shift
copy_loc,0.000854,benchmark_bit_shift
move_loc,0.000441,benchmark_bit_shift
pop,0.000147,benchmark_bit_shift
ld_u8,0.00022,benchmark_bit_shift
shl,0.000588,benchmark_bit_shift
pop,0.000147,benchmark_bit_shift
copy_loc,0.000854,benchmark_bit_shift
copy_loc,0.000854,benchmark_bit_shift
shl,0.000588,benchmark_bit_shift
pop,0.000147,benchmark_bit_shift
copy_loc,0.000854,benchmark_bit_shift
ld_u8,0.00022,benchmark_bit_shift
shr,0.000588,benchmark_bit_shift
pop,0.000147,benchmark_bit_shift
move_loc,0.000441,benchmark_bit_shift
move_loc,0.000441,benchmark_bit_shift
shr,0.000588,benchmark_bit_shift
pop,0.000147,benchmark_bit_shift
ret,0.00022,benchmark_bit_shift
create_ty,0.0008,benchmark_conditional_logic
create_ty,0.0004,benchmark_conditional_logic
create_ty,0.0004,benchmark_conditional_logic
create_ty,0.0004,benchmark_conditional_logic
create_ty,0.0004,benchmark_conditional_logic
create_ty,0.0004,benchmark_conditional_logic
create_ty,0.0004,benchmark_conditional_logic
copy_loc,0.000854,benchmark_conditional_logic
move_loc,0.000441,benchmark_conditional_logic
pop,0.000147,benchmark_conditional_logic
copy_loc,0.000854,benchmark_conditional_logic
ge,0.000588,benchmark_conditional_logic
pop,0.000147,benchmark_conditional_logic
copy_loc,0.000854,benchmark_conditional_logic
copy_loc,0.000854,benchmark_conditional_logic
le,0.000588,benchmark_conditional_logic
pop,0.000147,benchmark_conditional_logic
copy_loc,0.000854,benchmark_conditional_logic
copy_loc,0.000854,benchmark_conditional_logic
neq,0.001487,benchmark_conditional_logic
pop,0.000147,benchmark_conditional_logic
move_loc,0.000441,benchmark_conditional_logic
move_loc,0.000441,benchmark_conditional_logic
eq,0.001487,benchmark_conditional_logic
pop,0.000147,benchmark_conditional_logic
copy_loc,0.000854,benchmark_conditional_logic
not,0.000588,benchmark_conditional_logic
pop,0.000147,benchmark_conditional_logic
copy_loc,0.000854,benchmark_conditional_logic
br_false,0.000441,benchmark_conditional_logic
copy_loc,0.000854,benchmark_conditional_logic
br_false,0.000441,benchmark_conditional_logic
move_loc,0.000441,benchmark_conditional_logic
move_loc,0.000441,benchmark_conditional_logic
neq,0.001487,benchmark_conditional_logic
pop,0.000147,benchmark_conditional_logic
copy_loc,0.000854,benchmark_conditional_logic
copy_loc,0.000854,benchmark_conditional_logic
bit_and,0.000588,benchmark_conditional_logic
pop,0.000147,benchmark_conditional_logic
copy_loc,0.000854,benchmark_conditional_logic
copy_loc,0.000854,benchmark_conditional_logic
bit_or,0.000588,benchmark_conditional_logic
pop,0.000147,benchmark_conditional_logic
move_loc,0.000441,benchmark_conditional_logic
move_loc,0.000441,benchmark_conditional_logic
xor,0.000588,benchmark_conditional_logic
pop,0.000147,benchmark_conditional_logic
ret,0.00022,benchmark_conditional_logic
create_ty,0.0008,benchmark_imm_borrow_field_generic
ld_u64,0.00022,benchmark_imm_borrow_field_generic
create_ty,0.0004,benchmark_imm_borrow_field_generic
create_ty,0.0008,benchmark_imm_borrow_field_generic
pack,0.000955,benchmark_imm_borrow_field_generic
st_loc,0.000441,benchmark_imm_borrow_field_generic
imm_borrow_loc,0.00022,benchmark_imm_borrow_field_generic
create_ty,0.0008,benchmark_imm_borrow_field_generic
create_ty,0.0004,benchmark_imm_borrow_field_generic
imm_borrow_field_generic,0.000735,benchmark_imm_borrow_field_generic
read_ref,0.001295,benchmark_imm_borrow_field_generic
pop,0.000147,benchmark_imm_borrow_field_generic
imm_borrow_loc,0.00022,benchmark_imm_borrow_field_generic
create_ty,0.0008,benchmark_imm_borrow_field_generic
create_ty,0.0004,benchmark_imm_borrow_field_generic
imm_borrow_field_generic,0.000735,benchmark_imm_borrow_field_generic
read_ref,0.001295,benchmark_imm_borrow_field_generic
pop,0.000147,benchmark_imm_borrow_field_generic
ret,0.00022,benchmark_imm_borrow_field_generic
create_ty,0.0008,initialize
create_ty,0.0004,initialize
copy_loc,0.000854,initialize
call,0.00441,initialize
create_ty,0.0008,initialize
move_loc,0.000441,initialize
call,0.004043,initialize
read_ref,0.001295,initialize
ret,0.00022,initialize
st_loc,0.000441,initialize
copy_loc,0.000854,initialize
exists_generic,0.000919,initialize
br_false,0.000441,initialize
copy_loc,0.000854,initialize
ld_u64,0.00022,initialize
create_ty,0.0004,initialize
vec_pack,0.002205,initialize
pack,0.001102,initialize
move_to_generic,0.001838,initialize
copy_loc,0.000854,initialize
exists_generic,0.000919,initialize
br_false,0.000441,initialize
copy_loc,0.000854,initialize
ld_u8,0.00022,initialize
ld_u16,0.00022,initialize
ld_u32,0.00022,initialize
ld_u64,0.00022,initialize
ld_u128,0.000294,initialize
ld_u256,0.000294,initialize
pack,0.00169,initialize
move_to_generic,0.001838,initialize
copy_loc,0.000854,initialize
exists_generic,0.000919,initialize
br_false,0.000441,initialize
copy_loc,0.000854,initialize
ld_false,0.00022,initialize
ld_true,0.00022,initialize
pack,0.001102,initialize
move_to_generic,0.001838,initialize
move_loc,0.000441,initialize
exists_generic,0.000919,initialize
br_true,0.000441,initialize
move_loc,0.000441,initialize
ld_u64,0.00022,initialize
ld_u64,0.00022,initialize
pack,0.001102,initialize
move_to_generic,0.001838,initialize
ret,0.00022,initialize
create_ty,0.0008,benchmark_mut_borrow_global_generic
create_ty,0.0004,benchmark_mut_borrow_global_generic
create_ty,0.0012,benchmark_mut_borrow_global_generic
copy_loc,0.000854,benchmark_mut_borrow_global_generic
call,0.00441,benchmark_mut_borrow_global_generic
create_ty,0.0008,benchmark_mut_borrow_global_generic
move_loc,0.000441,benchmark_mut_borrow_global_generic
call,0.004043,benchmark_mut_borrow_global_generic
read_ref,0.001295,benchmark_mut_borrow_global_generic
ret,0.00022,benchmark_mut_borrow_global_generic
st_loc,0.000441,benchmark_mut_borrow_global_generic
copy_loc,0.000854,benchmark_mut_borrow_global_generic
create_ty,0.0008,benchmark_mut_borrow_global_generic
exists,0.000919,benchmark_mut_borrow_global_generic
br_true,0.000441,benchmark_mut_borrow_global_generic
move_loc,0.000441,benchmark_mut_borrow_global_generic
ld_u64,0.00022,benchmark_mut_borrow_global_generic
create_ty,0.0004,benchmark_mut_borrow_global_generic
create_ty,0.0008,benchmark_mut_borrow_global_generic
pack,0.000955,benchmark_mut_borrow_global_generic
create_ty,0.0008,benchmark_mut_borrow_global_generic
move_to,0.001838,benchmark_mut_borrow_global_generic
move_loc,0.000441,benchmark_mut_borrow_global_generic
create_ty,0.0008,benchmark_mut_borrow_global_generic
mut_borrow_global_generic,0.001838,benchmark_mut_borrow_global_generic
st_loc,0.000441,benchmark_mut_borrow_global_generic
copy_loc,0.000854,benchmark_mut_borrow_global_generic
create_ty,0.0008,benchmark_mut_borrow_global_generic
create_ty,0.0004,benchmark_mut_borrow_global_generic
imm_borrow_field_generic,0.000735,benchmark_mut_borrow_global_generic
read_ref,0.001295,benchmark_mut_borrow_global_generic
ld_u64,0.00022,benchmark_mut_borrow_global_generic
add,0.000588,benchmark_mut_borrow_global_generic
move_loc,0.000441,benchmark_mut_borrow_global_generic
create_ty,0.0008,benchmark_mut_borrow_global_generic
create_ty,0.0004,benchmark_mut_borrow_global_generic
mut_borrow_field_generic,0.000735,benchmark_mut_borrow_global_generic
write_ref,0.000735,benchmark_mut_borrow_global_generic
ret,0.00022,benchmark_mut_borrow_global_generic
ld_u64,0.00022,benchmark_unpack_generic
create_ty,0.0004,benchmark_unpack_generic
create_ty,0.0008,benchmark_unpack_generic
pack,0.000955,benchmark_unpack_generic
create_ty,0.0004,benchmark_unpack_generic
create_ty,0.0008,benchmark_unpack_generic
unpack,0.000955,benchmark_unpack_generic
ld_u64,0.00022,benchmark_unpack_generic
add,0.000588,benchmark_unpack_generic
pop,0.000147,benchmark_unpack_generic
ret,0.00022,benchmark_unpack_generic
create_ty,0.0008,benchmark_vector_ops
create_ty,0.0008,benchmark_vector_ops
create_ty,0.0008,benchmark_vector_ops
create_ty,0.0004,benchmark_vector_ops
vec_pack,0.002205,benchmark_vector_ops
st_loc,0.000441,benchmark_vector_ops
move_loc,0.000441,benchmark_vector_ops
pop,0.000147,benchmark_vector_ops
mut_borrow_loc,0.00022,benchmark_vector_ops
ld_u64,0.00022,benchmark_vector_ops
create_ty,0.0004,benchmark_vector_ops
vec_push_back,0.001396,benchmark_vector_ops
mut_borrow_loc,0.00022,benchmark_vector_ops
ld_u64,0.00022,benchmark_vector_ops
create_ty,0.0004,benchmark_vector_ops
vec_push_back,0.001396,benchmark_vector_ops
mut_borrow_loc,0.00022,benchmark_vector_ops
ld_u64,0.00022,benchmark_vector_ops
create_ty,0.0004,benchmark_vector_ops
vec_push_back,0.001396,benchmark_vector_ops
mut_borrow_loc,0.00022,benchmark_vector_ops
create_ty,0.0004,benchmark_vector_ops
vec_pop_back,0.000955,benchmark_vector_ops
pop,0.000147,benchmark_vector_ops
imm_borrow_loc,0.00022,benchmark_vector_ops
create_ty,0.0004,benchmark_vector_ops
vec_len,0.000808,benchmark_vector_ops
pop,0.000147,benchmark_vector_ops
imm_borrow_loc,0.00022,benchmark_vector_ops
ld_u64,0.00022,benchmark_vector_ops
create_ty,0.0004,benchmark_vector_ops
vec_imm_borrow,0.001213,benchmark_vector_ops
pop,0.000147,benchmark_vector_ops
ret,0.00022,benchmark_vector_ops
create_ty,0.0008,benchmark_storage_ops
create_ty,0.0004,benchmark_storage_ops
create_ty,0.0008,benchmark_storage_ops
copy_loc,0.000854,benchmark_storage_ops
call,0.00441,benchmark_storage_ops
create_ty,0.0008,benchmark_storage_ops
move_loc,0.000441,benchmark_storage_ops
call,0.004043,benchmark_storage_ops
read_ref,0.001295,benchmark_storage_ops
ret,0.00022,benchmark_storage_ops
st_loc,0.000441,benchmark_storage_ops
copy_loc,0.000854,benchmark_storage_ops
exists_generic,0.000919,benchmark_storage_ops
br_true,0.000441,benchmark_storage_ops
move_loc,0.000441,benchmark_storage_ops
ld_u64,0.00022,benchmark_storage_ops
create_ty,0.0004,benchmark_storage_ops
vec_pack,0.002205,benchmark_storage_ops
pack,0.001102,benchmark_storage_ops
move_to_generic,0.001838,benchmark_storage_ops
move_loc,0.000441,benchmark_storage_ops
mut_borrow_global,0.001838,benchmark_storage_ops
st_loc,0.000441,benchmark_storage_ops
copy_loc,0.000854,benchmark_storage_ops
imm_borrow_field,0.000735,benchmark_storage_ops
read_ref,0.001295,benchmark_storage_ops
ld_u64,0.00022,benchmark_storage_ops
add,0.000588,benchmark_storage_ops
copy_loc,0.000854,benchmark_storage_ops
mut_borrow_field,0.000735,benchmark_storage_ops
write_ref,0.000735,benchmark_storage_ops
copy_loc,0.000854,benchmark_storage_ops
mut_borrow_field,0.000735,benchmark_storage_ops
move_loc,0.000441,benchmark_storage_ops
imm_borrow_field,0.000735,benchmark_storage_ops
read_ref,0.001295,benchmark_storage_ops
create_ty,0.0004,benchmark_storage_ops
vec_push_back,0.001396,benchmark_storage_ops
ret,0.00022,benchmark_storage_ops
create_ty,0.0008,benchmark_move_to
create_ty,0.0008,benchmark_move_to
copy_loc,0.000854,benchmark_move_to
call,0.00441,benchmark_move_to
create_ty,0.0008,benchmark_move_to
move_loc,0.000441,benchmark_move_to
call,0.004043,benchmark_move_to
read_ref,0.001295,benchmark_move_to
ret,0.00022,benchmark_move_to
create_ty,0.0008,benchmark_move_to
exists,0.000919,benchmark_move_to
br_true,0.000441,benchmark_move_to
ld_u64,0.00022,benchmark_move_to
create_ty,0.0004,benchmark_move_to
create_ty,0.0008,benchmark_move_to
pack,0.000955,benchmark_move_to
st_loc,0.000441,benchmark_move_to
move_loc,0.000441,benchmark_move_to
move_loc,0.000441,benchmark_move_to
create_ty,0.0008,benchmark_move_to
move_to,0.001838,benchmark_move_to
ret,0.00022,benchmark_move_to
create_ty,0.0008,benchmark_exists
create_ty,0.0004,benchmark_exists
move_loc,0.000441,benchmark_exists
call,0.00441,benchmark_exists
create_ty,0.0008,benchmark_exists
move_loc,0.000441,benchmark_exists
call,0.004043,benchmark_exists
read_ref,0.001295,benchmark_exists
ret,0.00022,benchmark_exists
st_loc,0.000441,benchmark_exists
copy_loc,0.000854,benchmark_exists
exists_generic,0.000919,benchmark_exists
pop,0.000147,benchmark_exists
copy_loc,0.000854,benchmark_exists
exists_generic,0.000919,benchmark_exists
pop,0.000147,benchmark_exists
copy_loc,0.000854,benchmark_exists
exists_generic,0.000919,benchmark_exists
pop,0.000147,benchmark_exists
copy_loc,0.000854,benchmark_exists
exists_generic,0.000919,benchmark_exists
pop,0.000147,benchmark_exists
move_loc,0.000441,benchmark_exists
exists_generic,0.000919,benchmark_exists
pop,0.000147,benchmark_exists
ret,0.00022,benchmark_exists
create_ty,0.0008,benchmark_vec_unpack
create_ty,0.0008,benchmark_vec_unpack
create_ty,0.0008,benchmark_vec_unpack
create_ty,0.0004,benchmark_vec_unpack
create_ty,0.0004,benchmark_vec_unpack
vec_pack,0.002205,benchmark_vec_unpack
st_loc,0.000441,benchmark_vec_unpack
move_loc,0.000441,benchmark_vec_unpack
pop,0.000147,benchmark_vec_unpack
mut_borrow_loc,0.00022,benchmark_vec_unpack
ld_u64,0.00022,benchmark_vec_unpack
create_ty,0.0004,benchmark_vec_unpack
vec_push_back,0.001396,benchmark_vec_unpack
mut_borrow_loc,0.00022,benchmark_vec_unpack
ld_u64,0.00022,benchmark_vec_unpack
create_ty,0.0004,benchmark_vec_unpack
vec_push_back,0.001396,benchmark_vec_unpack
mut_borrow_loc,0.00022,benchmark_vec_unpack
ld_u64,0.00022,benchmark_vec_unpack
create_ty,0.0004,benchmark_vec_unpack
vec_push_back,0.001396,benchmark_vec_unpack
move_loc,0.000441,benchmark_vec_unpack
create_ty,0.0004,benchmark_vec_unpack
call_generic,0.006245,benchmark_vec_unpack
create_ty,0.0008,benchmark_vec_unpack
create_ty,0.0004,benchmark_vec_unpack
create_ty,0.0004,benchmark_vec_unpack
create_ty,0.0008,benchmark_vec_unpack
create_ty,0.0004,benchmark_vec_unpack
imm_borrow_loc,0.00022,benchmark_vec_unpack
create_ty,0.0004,benchmark_vec_unpack
vec_len,0.000808,benchmark_vec_unpack
st_loc,0.000441,benchmark_vec_unpack
copy_loc,0.000854,benchmark_vec_unpack
ld_u64,0.00022,benchmark_vec_unpack
gt,0.000588,benchmark_vec_unpack
br_false,0.000441,benchmark_vec_unpack
imm_borrow_loc,0.00022,benchmark_vec_unpack
ld_u64,0.00022,benchmark_vec_unpack
create_ty,0.0004,benchmark_vec_unpack
vec_imm_borrow,0.001213,benchmark_vec_unpack
read_ref,0.001295,benchmark_vec_unpack
st_loc,0.000441,benchmark_vec_unpack
create_ty,0.0004,benchmark_vec_unpack
vec_pack,0.002205,benchmark_vec_unpack
st_loc,0.000441,benchmark_vec_unpack
ld_u64,0.00022,benchmark_vec_unpack
st_loc,0.000441,benchmark_vec_unpack
copy_loc,0.000854,benchmark_vec_unpack
copy_loc,0.000854,benchmark_vec_unpack
lt,0.000588,benchmark_vec_unpack
br_false,0.000441,benchmark_vec_unpack
mut_borrow_loc,0.00022,benchmark_vec_unpack
imm_borrow_loc,0.00022,benchmark_vec_unpack
copy_loc,0.000854,benchmark_vec_unpack
create_ty,0.0004,benchmark_vec_unpack
vec_imm_borrow,0.001213,benchmark_vec_unpack
read_ref,0.001295,benchmark_vec_unpack
create_ty,0.0004,benchmark_vec_unpack
vec_push_back,0.001396,benchmark_vec_unpack
move_loc,0.000441,benchmark_vec_unpack
ld_u64,0.00022,benchmark_vec_unpack
add,0.000588,benchmark_vec_unpack
st_loc,0.000441,benchmark_vec_unpack
branch,0.000294,benchmark_vec_unpack
copy_loc,0.000854,benchmark_vec_unpack
copy_loc,0.000854,benchmark_vec_unpack
lt,0.000588,benchmark_vec_unpack
br_false,0.000441,benchmark_vec_unpack
mut_borrow_loc,0.00022,benchmark_vec_unpack
imm_borrow_loc,0.00022,benchmark_vec_unpack
copy_loc,0.000854,benchmark_vec_unpack
create_ty,0.0004,benchmark_vec_unpack
vec_imm_borrow,0.001213,benchmark_vec_unpack
read_ref,0.001295,benchmark_vec_unpack
create_ty,0.0004,benchmark_vec_unpack
vec_push_back,0.001396,benchmark_vec_unpack
move_loc,0.000441,benchmark_vec_unpack
ld_u64,0.00022,benchmark_vec_unpack
add,0.000588,benchmark_vec_unpack
st_loc,0.000441,benchmark_vec_unpack
branch,0.000294,benchmark_vec_unpack
copy_loc,0.000854,benchmark_vec_unpack
copy_loc,0.000854,benchmark_vec_unpack
lt,0.000588,benchmark_vec_unpack
br_false,0.000441,benchmark_vec_unpack
move_loc,0.000441,benchmark_vec_unpack
move_loc,0.000441,benchmark_vec_unpack
ret,0.00022,benchmark_vec_unpack
call_generic,0.006245,benchmark_vec_unpack
create_ty,0.0008,benchmark_vec_unpack
create_ty,0.0004,benchmark_vec_unpack
create_ty,0.0004,benchmark_vec_unpack
create_ty,0.0008,benchmark_vec_unpack
create_ty,0.0004,benchmark_vec_unpack
imm_borrow_loc,0.00022,benchmark_vec_unpack
create_ty,0.0004,benchmark_vec_unpack
vec_len,0.000808,benchmark_vec_unpack
st_loc,0.000441,benchmark_vec_unpack
copy_loc,0.000854,benchmark_vec_unpack
ld_u64,0.00022,benchmark_vec_unpack
gt,0.000588,benchmark_vec_unpack
br_false,0.000441,benchmark_vec_unpack
imm_borrow_loc,0.00022,benchmark_vec_unpack
ld_u64,0.00022,benchmark_vec_unpack
create_ty,0.0004,benchmark_vec_unpack
vec_imm_borrow,0.001213,benchmark_vec_unpack
read_ref,0.001295,benchmark_vec_unpack
st_loc,0.000441,benchmark_vec_unpack
create_ty,0.0004,benchmark_vec_unpack
vec_pack,0.002205,benchmark_vec_unpack
st_loc,0.000441,benchmark_vec_unpack
ld_u64,0.00022,benchmark_vec_unpack
st_loc,0.000441,benchmark_vec_unpack
copy_loc,0.000854,benchmark_vec_unpack
copy_loc,0.000854,benchmark_vec_unpack
lt,0.000588,benchmark_vec_unpack
br_false,0.000441,benchmark_vec_unpack
mut_borrow_loc,0.00022,benchmark_vec_unpack
imm_borrow_loc,0.00022,benchmark_vec_unpack
copy_loc,0.000854,benchmark_vec_unpack
create_ty,0.0004,benchmark_vec_unpack
vec_imm_borrow,0.001213,benchmark_vec_unpack
read_ref,0.001295,benchmark_vec_unpack
create_ty,0.0004,benchmark_vec_unpack
vec_push_back,0.001396,benchmark_vec_unpack
move_loc,0.000441,benchmark_vec_unpack
ld_u64,0.00022,benchmark_vec_unpack
add,0.000588,benchmark_vec_unpack
st_loc,0.000441,benchmark_vec_unpack
branch,0.000294,benchmark_vec_unpack
copy_loc,0.000854,benchmark_vec_unpack
copy_loc,0.000854,benchmark_vec_unpack
lt,0.000588,benchmark_vec_unpack
br_false,0.000441,benchmark_vec_unpack
move_loc,0.000441,benchmark_vec_unpack
move_loc,0.000441,benchmark_vec_unpack
ret,0.00022,benchmark_vec_unpack
call_generic,0.006245,benchmark_vec_unpack
create_ty,0.0008,benchmark_vec_unpack
create_ty,0.0004,benchmark_vec_unpack
create_ty,0.0004,benchmark_vec_unpack
create_ty,0.0008,benchmark_vec_unpack
create_ty,0.0004,benchmark_vec_unpack
imm_borrow_loc,0.00022,benchmark_vec_unpack
create_ty,0.0004,benchmark_vec_unpack
vec_len,0.000808,benchmark_vec_unpack
st_loc,0.000441,benchmark_vec_unpack
copy_loc,0.000854,benchmark_vec_unpack
ld_u64,0.00022,benchmark_vec_unpack
gt,0.000588,benchmark_vec_unpack
br_false,0.000441,benchmark_vec_unpack
imm_borrow_loc,0.00022,benchmark_vec_unpack
ld_u64,0.00022,benchmark_vec_unpack
create_ty,0.0004,benchmark_vec_unpack
vec_imm_borrow,0.001213,benchmark_vec_unpack
read_ref,0.001295,benchmark_vec_unpack
st_loc,0.000441,benchmark_vec_unpack
create_ty,0.0004,benchmark_vec_unpack
vec_pack,0.002205,benchmark_vec_unpack
st_loc,0.000441,benchmark_vec_unpack
ld_u64,0.00022,benchmark_vec_unpack
st_loc,0.000441,benchmark_vec_unpack
copy_loc,0.000854,benchmark_vec_unpack
copy_loc,0.000854,benchmark_vec_unpack
lt,0.000588,benchmark_vec_unpack
br_false,0.000441,benchmark_vec_unpack
move_loc,0.000441,benchmark_vec_unpack
move_loc,0.000441,benchmark_vec_unpack
ret,0.00022,benchmark_vec_unpack
st_loc,0.000441,benchmark_vec_unpack
pop,0.000147,benchmark_vec_unpack
imm_borrow_loc,0.00022,benchmark_vec_unpack
create_ty,0.0004,benchmark_vec_unpack
vec_len,0.000808,benchmark_vec_unpack
ld_u64,0.00022,benchmark_vec_unpack
eq,0.001487,benchmark_vec_unpack
st_loc,0.000441,benchmark_vec_unpack
pop,0.000147,benchmark_vec_unpack
pop,0.000147,benchmark_vec_unpack
move_loc,0.000441,benchmark_vec_unpack
br_false,0.000441,benchmark_vec_unpack
move_loc,0.000441,benchmark_vec_unpack
create_ty,0.0004,benchmark_vec_unpack
vec_unpack,0.001838,benchmark_vec_unpack
ret,0.00022,benchmark_vec_unpack
